code_sec,sector
115151,Sidi bou said
115152,Amilcar
115153,Carthage byrsa
115154,Carthage plage
115155,Le jasmin
115156,Cite mohamed ali
115251,La medina
115252,El hafsia
115253,Bab benat
115254,Souk el nhes
115255,El assouak
115256,Bab mnara
115257,Tourbet el bey
115258,El zraria
115259,Sidi ali azouz
115260,El taoufik
115261,El sabaghine
115262,Sidi boumendil
115351,Bab el bhar
115352,Les jardins
115353,Lac de tunis
115354,Mongi slim
115355,Habib thameur
115356,Taieb el m'hiri
115357,Hedi chaker
115358,Sidi el bahri
115451,Tronja
115452,Bab el khadra
115453,Bab saadoun
115454,Borj zouara
115455,Bab el assel
115456,El halfaouine
115457,Bab souika
115458,Bab sidi abdessalem
115459,Zaouiet el bekria
115460,Hammam el rmimi
115461,Sidi djebali
115551,El omrane
115552,Djebel el ahmar
115553,Cite des oliviers
115554,Ras tabia
115555,Bir atig
115556,Oued el sebai
115651,Cite ibn khaldoun i
115652,El romana
115653,Cite ibn khaldoun ii
115654,Cite ibn khaldoun vi
115655,Cite el intilaka
115656,El omrane superieur
115657,El nassim
115658,Ahmed tlili
115659,Es-sadique
115751,Ettahrir (1)
115752,Ettahrir (2)
115753,Ettahrir (3)
115754,Ettahrirsuerieur
115755,El hadika
115851,1er juin
115852,El menzah
115853,El fath
115854,El manar
115855,El manar (1)
115951,Cite el khadra
115952,Cite jardin
115953,Ech-charguia
115954,Khereiddine pacha
115955,Ali belhouane
115956,Farhat hached
115957,El bouhaira
115958,Hay es salem
116051,Le bardo
116052,Le bardo nord
116053,Le bardo sud
116054,El hadika
116055,Bou-choucha
116056,Bonne residence
116057,Khaznadar
116058,El fath
116059,Ksar-said
116060,Ksar-said ii
116061,El bassatine
116062,Es-saada
116063,Ksar-el bortal
116064,Ibn sina
116151,Cite helel
116152,Ali belhouane - ( essijoumi )
116153,En-najah
116154,Cite des martyrs
116155,Bir anniba
116156,Mellassine
116251,Ezzouhour
116252,Ezzouhour iv
116253,Es-saada
116254,Es-soumrane
116255,Cite tayarane
116256,Bach-hamba
116351,El-hrairia
116352,Ezzouhour v
116353,El akba
116354,El akba superieur
116355,Ghedir el golla
116356,El antit
116357,El foula
116358,Tarak ibn ziad
116359,Ezzahrouni
116451,Borj-chakir
116452,Sidi hassine
116453,El jaiara
116454,Attar
116455,20 mars
116456,Byrine
116457,Meghiret inzel
116458,25 juillet
116459,14 janvier
116551,El ouardia
116552,Bou-gatfa
116553,Tahar sfar
116554,Cite el izdihar
116555,Cite mohamed ali
116556,Sidi belhassen
116651,El kabaria (1)
116652,El kabaria (2)
116653,El kabaria (3)
116654,El kabaria (4)
116655,Cite ennour
116656,Ibn sina 1
116657,Ibn sina 2
116658,El mourouj (2)
116751,Sidi el bechir
116752,Sidi mansour
116753,Maakel ezzaim
116754,Farhat hached - ( sidi el bechir )
116755,Abulkacem ech-chebbi
116756,Saida manoubia
116851,Sidi fathallah
116852,Ali bach-hamba
116853,El garjouma
116854,Cite el fath
116855,Es-sebkha
116856,El afrane
116857,Djebel djeloud
116951,La goulette
116952,La goulette casino
116953,Kheireddine
116954,Taieb mhiri
116955,Cite essalama
117051,Le kram est
117052,Erriadh
117053,El bouhaira
117054,Sidi fredj
117055,Le kram ouest
117056,Sidi amor
117057,Bir el helou
117151,La marsa plage
117152,La marsa medina
117153,La marsa hadayek
117154,La marsa erriadh
117155,Er-rmila
117156,La marsa el montazeh
117157,Gammarth
117158,Gammarth_superieur
117159,Sidi daoued
117160,El bahr el azrak
125151,Nouvel ariana
125152,Ariana superieur
125153,Ariana ville
125154,El menzah v
125155,El menzah vi
125156,Etaamir
125157,Yasmina
125158,Ennasr 1
125159,Ennasr 2
125251,Soukra
125252,Dar fadhal
125253,El bousten
125254,Chotrana
125255,Borj el ouzir
125256,Ennasim
125257,Etaamir kamesse
125351,Jaafer
125352,Enkhilet
125353,El medina el fadhila
125354,El ghazala
125355,Raoued
125356,Bourj ettouil
125357,Sidi amor bou khtioua
125451,Kalaat el andalous est
125452,Kalaat el andalous ouest
125453,Pont de bizerte
125454,Bou hanach
125455,El hessiane
125456,Ennahli
125551,Sidi thabet
125552,Bejaoua
125553,Mongi slim
125554,Cebalet ben ammar
125555,Charfeche
125651,Ettadhamen
125652,Ibn khaldoun
125653,9 avril
125654,18 janvier
125655,2 mars
125656,El mongi slim
125657,Ettadhamen 4
125658,Abulkassem ech-chebbi
125659,Khaireddine pacha
125751,Mnihla
125752,Errafaha
125753,En-nasr
125754,El basstine
125755,15 octobre
135151,Ben arous est
135152,Cite ibn arafa
135153,El mehiri
135154,Ben arous ouest
135155,Sidi ben arous
135156,Cite el iskane
135251,La nouvelle medina(1)
135252,La nouvelle medina(2)
135253,Sidi mosbah
135254,El yasminet
135255,Errabta
135351,El mourouj (1)
135352,El mourouj (3)
135353,El mourouj (4)
135354,El mourouj (5)
135355,Bir kassaa
135356,Farhat hached
135451,Hammam lif ville
135452,Hammem lif ville 2
135453,Hammem lif bou kornine
135454,Farhat hached
135455,Hammam lif el malaab
135456,Cite mohamed ali
135551,Bir el bey
135552,Borj cedria
135553,Hammem chatt
135651,Bou mhel
135652,El bassatine
135653,Chela
135654,El bassatine el gharbya
135751,Ez-zahra ville
135752,Cite el habib
135753,18 janvier
135754,Borj el louzir
135851,Rades ville
135852,Rades mellaha
135853,Taieb mehiri
135854,Rades remada
135855,Mongi slim
135856,Rades foret
135857,Rades meliane
135858,Noubou
135951,Megrine superieure
135952,Megrine riadh
135953,Jawhara
135954,Menzel mabrouk
135955,Megrine chaker
135956,Megrine chaker(2)
135957,Sidi rezig
135958,Sidi rezig (2)
136051,Mohamedia
136052,Mongi selim
136053,Cite es-saada
136054,Cite el nassim
136055,Sidi frej
136151,Fouchana
136152,Cite el mostakbel
136153,El hidhab
136154,El mghira
136155,Naassen
136156,Chebeda
136157,Douar elhouch
136251,Mornag
136252,Mornag ouest
136253,Khelidia
136254,Ez-zaouia
136255,Djebel ressas
136256,Sidi salem el garsi
136257,Kabouti
136258,Ain rekad
136259,El gounna
136260,Sidi saad
136261,Essalem
136262,Errisala
136263,Oudna
136264,El kessibi
145151,Manouba
145152,Manouba centre
145153,Sidi amor
145154,Den- den
145155,Ksar - said
145156,Den - den sud
145251,Douar hicher
145252,Khaled ibn el oualid
145253,Cite er- riadh
145254,Cite ennassim
145255,Cite ech - chabeb
145351,Oued ellil
145352,Es saida
145353,Er riadh
145354,Cite el ouerd
145355,Ennajet
145356,Sanhaja
145357,El kobbaa
145451,Mornaguia
145452,20 mars
145453,Bouragba
145454,Fejja
145455,Sidi ali el hattab
145456,Hmaiem
145457,El bassatine
145458,Mornaguia nord
145551,Borj el amri
145552,Menzel habib
145553,Borj ennour
145554,El moussadine
145651,Djedaida
145652,Djedaida hached
145653,Chaouat
145654,El mansoura
145655,Ez - zahra
145656,El habibia
145751,Tebourba
145752,El ansarine
145753,Edkhila
145754,El mellaha
145755,Banlieue de tebourba
145756,Er - raja
145757,Ech - chouigui
145851,El battane
145852,Borj ettoumi
145853,Mehrine
145854,El aroussia
155151,El asouak
155152,Ennour
155153,Bir chellouf
155154,Niapolis
155155,El hadayek
155156,Hedi chaker
155251,Dar chaabane
155252,El fehri
155253,El frinine
155254,Amroun
155351,Beni khiar
155352,Diar ben salem
155353,El maamoura
155354,Somaa
155355,Halfa
155451,Beni ayech
155452,Garaet sassi
155453,Diar el hojaj
155454,Korba est
155455,Korba ouest
155456,Tazerka
155457,Bou - jerida
155458,Boulidine
155551,El ouediane
155552,Erainine
155553,Beni-abdelaziz
155554,Skalba
155555,Ali belhaouene
155556,Taieb mehiri
155557,Menzel horr
155558,El asfour
155559,Lezdine
155651,Tafelloum
155652,El mida
155653,Fartouna
155654,Oum dhouil
155655,Lebna
155656,Korchine
155751,Oued el khatf
155752,Melloul
155753,Azmour
155754,Kelibia est
155755,Kelibia ouest
155851,Hammam el guezaz
155852,Dar allouch
155853,Haret chouara
155854,Ouezdra
155951,El haouaria nord
155952,El haouaria sud
155953,Saheb el jebel nord
155954,Saheb el jebel sud
155955,Bou krim
155956,Tazaghrane est
155957,Tazaghrane ouest
155958,Zaouiet el megaiez
156051,Oued el abid
156052,Bir ezzit
156053,El arima
156054,Takelsa nord
156055,Takelsa centre
156151,El mraissa
156152,Ech-cherifet
156153,Bou charray
156154,Soliman
156155,Soliman sud
156251,Damous el hajja
156252,Errahma
156253,Menzel bou zelfa nord
156254,Menzel bou zelfa keblia
156255,Menzel bou zelfa ouest
156351,Beni khalled nord
156352,Beni khalled sud (toumi)
156353,Zaouiet djedidi
156354,Kobba el kebira
156355,Bir dressen
156356,Bni khaled echarkya
156451,Fondouk djedid
156452,Chammes
156453,Nianou
156454,Turki
156455,Khanguet el hojjej
156456,Grombalia est
156457,Grombalia ouest
156458,Djebel terif
156459,Ain tebournouk
156551,Sidi dhaher
156552,El machrouha
156553,Borj hefaied
156554,Bou argoub jawffia
156555,Bou argoub sud
156556,Belli
156557,El kharrouba
156651,Sidi djedidi
156652,El atrach
156653,Bir bou regba
156654,Barraket essahel
156655,Hammamet nord
156656,Hammamet est
156657,Hammamet ouest
156658,Mrezga
156659,Yasmin hammamet
165151,Zaghouan ville
165152,Zaghouan nord
165153,Zaghouan sud
165154,Bir hlima
165155,Mograne
165156,Jimla
165157,El aitha
165158,Oued erremel
165159,Oued ezzit
165251,El jouf est
165252,El jouf ouest
165253,Ez-zeriba hammam sud
165254,Ez-zriba hammam nord
165255,Ez-zeriba village
165256,Bou achir
165257,Jeradou
165258,Ain el batria
165351,Bir m'chergua
165352,Bir m'chergua gare
165353,Daleil el arous
165354,Smenja
165355,Jebel oust
165356,Ain essafsaf
165357,Boucha
165358,Ain asker
165451,Banlieu d'el fahs
165452,Jouguar
165453,Bir magra
165454,Oum el abouab
165455,Ouled ezzouabi
165456,El fahs
165457,Ed-droua
165458,El ghrifet
165459,Bent saidane
165460,El amiem nord
165461,El amiem sud
165462,Oued el khadhra
165463,Telil essalhi
165551,En nadhour
165552,Ain el batthoum
165553,Saouar
165554,Bir chaouch
165555,Sougas
165651,Saouef est
165652,Saouef ouest
165653,El hamira
165654,Deghafla est
165655,Deghafla ouest
175151,Hassen nouri
175152,Habib bouguatfa
175153,El corniche
175154,La medina
175155,Cheikh Driss
175156,El canal
175157,Bou baker bakir
175158,Ain mariam
175159,Habib haddad
175160,El motamar
175161,El hana
175162,15 octobre
175251,Zarzouna ouest
175252,Zarzouna est
175253,Zarzouna nord
175254,Zarzouna sud
175351,Teskraia
175352,Farhat hached
175353,Marnissa
175354,Hicher
175355,Sidi ameur
175356,Louata
175357,Bab mateur
175358,Cite el jala
175359,El massida
175360,Sidi ahmed
175451,Sedjnane
175452,El maalia
175453,El ababssa
175454,El hachachna
175455,Sehabna
175456,Sidi Mechreg
175457,Amaden
175458,Mechargua
175551,Ouled ghanem
175552,Essemman
175553,Chenana
175554,Tahent
175555,Kef ghrab
175556,Berraies
175557,Touajnia
175558,Bazina
175559,Rouaha
175651,Mateur
175652,Banlieue de mateur
175653,Mateur sud
175654,Cite en nasr
175655,Nefat
175656,Cite essadaka
175657,Targuellache
175658,Arab majour
175659,Behaya
175660,Boumkhila
175751,Ghezala
175752,El arab
175753,Dheouaouda
175754,Hached
175755,Ouled el may
175756,Sidi aissa
175757,Rakb
175758,Bou jerir
175759,Sidi mansour
175851,En-najah (1)
175852,Gabtna (1)
175853,Gabtna (2)
175854,Cite etthaoura
175855,En -najah (2)
175856,El medina
175857,Chelagmia
175858,Cite jardins
175951,Tinja
175952,Guengla
175953,Ez-zarour
176051,Utique
176052,Nouvelle utique
176053,Besbassia
176054,El houidh
176055,El mabtouh
176056,Ain ghelal
176057,Sidi othman
176058,Bach hamba
176151,Ghar el meleh
176152,Bajou
176153,Aousja
176154,Zouaouine
176251,Menzel djemil est
176252,Menzel djemil ouest
176253,Menzel abderrahmen est
176254,Menzel abderrahmen ouest
176255,El azib
176351,Sidi ali chabab
176352,El alia nord
176353,El alia sud
176354,El khetmine
176451,Ras el djebel nord
176452,Ras el djebel sud
176453,Metline
176454,Metline ouest
176455,Sounine
176456,Rafraf
176457,El garia
215151,Beja
215152,El mzara
215153,Ksar bardo
215154,Zouabi
215155,El manar
215156,El kasba
215157,Azra
215158,El ghriria
215159,El mounchar
215160,Ksar mezouar
215161,Bou hzam
215162,En-nakachia
215163,El ghraba
215164,Ain soltane
215251,Sidi fredj
215252,El haouari
215253,El maagoula
215254,Hammam siala
215255,Sidi smail
215256,Mekhachbia
215257,Sidi es-shili
215258,Zouagha
215259,Mestouta
215351,Zahret medien
215352,Zahret medien sud
215353,El fraijia
215354,El ghorfa
215355,Romadhnia
215356,Maghraoua
215357,Sabah
215358,El mejaless
215359,El hamra
215360,Ghozia 
215361,Malek
215362,Tarhouni
215363,El goussa
215364,El djouza
215451,Nefza est
215452,Nefza ouest
215453,Ouachtata
215454,Kap negro
215455,Ezzouaraa
215456,Bou-zenna
215457,Maktaa hadid
215458,Bellif
215459,Djebel ediss
215460,Fatnassa
215461,Ghayadha
215462,Zaga
215463,Tebaba
215464,Oued el maaden
215465,Djamila
215466,Dehiret
215551,Teboursouk ville
215552,Ain el karma
215553,El menchia
215554,Dougga
215555,Rihana
215556,Ain el melliti
215557,Fadden es-souk
215558,Ain el hammam
215559,Ain djammala
215560,Bir ettouta
215651,Tibar
215652,Djebba
215653,Ain ed-defali
215654,En-nechima
215751,Testour
215752,Ibn zeydoun
215753,Cite 26 fevrier
215754,Mezougha
215755,Zeldou
215756,Ouled salama
215757,Es-slouguia
215758,Ain younes
215759,Es-sekhira
215760,Oued ezzargua
215761,Sidi abdelaziz
215762,Sidi ameur
215851,Goubellat
215852,El gammarthi
215853,Guerram
215854,Dour esmail
215855,Bir el euch
215856,Kheniguet ed-dahane
215857,Khacheb
215858,Cheikh el ouediane
215951,Medjez el bab ville
215952,Medjez el bab sud
215953,Sidi medien
215954,El ksar
215955,El heri
215956,Tokaber
215957,Chaouach
215958,Sidi nasr
215959,Sidi ahmed el jedidi
215960,El gueriaat
215961,Hidouss
215962,El mouatiss
215963,Guerich el ouedi
215964,Sidi erraies
225151,Ezzeghaida
225152,Jendouba sud
225153,En-nour
225154,Es-saada
225155,El malga
225156,Ettataouer
225157,Souk es-sebt
225158,El aitha
225159,Ain karima
225160,Maalla
225161,El-jerif
225162,El azima
225251,El ferdous
225252,El hedi ben hassine
225253,Ezzouhour
225254,El khadhra
225255,Es-souani
225256,Bulla-regja
225257,Zatfoura
225258,Chemtou
225259,Ed-dir
225260,Souk djemaa
225351,Bou salem nord
225352,Bou salem sud
225353,Erroumani
225354,El brahmi
225355,El marja
225356,Bir lakhdar
225357,El koudia
225358,El msanghouche
225359,Sidi abid
225451,Tabarka
225452,Raihane
225453,El hamdia
225454,El hammam
225455,Ain es-sobh
225456,Nadhour
225457,Melloula
225458,Ain es-snoussi
225551,Ain drahem ville
225552,Ain draham banlieue
225553,Ouled sedra
225554,El atatfa
225555,El homrane
225556,Etbainia
225557,Khemairia
225558,Selloul
225559,Er-rouii
225560,Tegma
225561,Ain salam
225562,Oued ezzan
225651,Fernana
225652,Oued ghrib
225653,Rabiaa
225654,Ouled mefada
225655,El gouaidia
225656,Beni m'tir
225657,Gloub ethirane
225658,Gloub ethirane nord
225659,Hedhil
225660,El adhar
225661,Jaouaouada
225662,Ain el beya
225663,Bou hertma
225664,Halima
225665,Sidi ammar
225751,Ghardimaou
225752,Ghardimaou nord
225753,El maaden
225754,Er-rakha
225755,Ain soltane
225756,Ouechtata
225757,Ed-daoura
225758,Es-sraia
225759,Forgassen
225760,Fej hassine
225761,Mrassen
225762,El galaa
225851,Oued meliz est
225852,Oued meliz ouest
225853,Dkhailia
225854,Hakim nord
225855,Hakim sud
225951,Assila
225952,Ghezala
225953,El aouaoudha
225954,El baldia
225955,Cheouaoula
225956,Beni m'hamed
225957,Somrane
225958,Balta
225959,Abdeljaber
225960,Bou aouane
225961,Oued kesseb
225962,Boulaaba
235151,Oued remel nord
235152,Oued remel sud
235153,Haouareth sud
235251,Charfine
235252,Ben ainine
235253,Haouareth nord
235254,Zaafrane
235255,Oued souani
235256,Oued souani sud
235257,Dyr el kef
235258,Hached
235351,Nebeur
235352,Sarkaouna
235353,Tall el ghozlene
235354,Sidi khiare
235358,Mellegue
235359,Bahra
235360,Sidi medyen
235361,El ksar
235362,Chtetla
235451,Sakiet sidi youssef
235452,Es-sefeia
235453,Ain mazer
235454,Djeradou
235455,Forchane
235456,Ain el karma
235457,Sidi rabeh
235458,Et-tabia
235551,Tadjerouine nord
235552,Tajerouine sud
235553,Ain el abar
235554,Cite bourguiba
235555,Sidi m'tir
235556,Ennajet
235557,Sidi abdelbasset
235558,Jezza
235559,El houdh
235560,Menzel salem
235561,Borj eddiouana
235562,Garn halfaia
235651,Kalaat snan
235652,Bou jabeur
235653,Safsaf
235654,Mzita
235655,El falta
235656,Sed el khir
235657,Ain snan
235658,El hamaima
235659,El mahjouba
235751,Kalaat khasba
235752,Hentaia
235753,Sidi ahmed essalah
235754,En-nadhour
235851,Djerissa centre
235852,Djerissa nord
235853,Djerissa sud
235854,Besseriana
235855,Fej ettameur
235856,Ennaayem
235951,El ksour
235952,Ain el ksiba
235953,Benou
235954,Louata
235955,Ain fedhil
235956,Ezzitouna
236051,Dahmani
236052,Dahmani nord
236053,Zouarine
236054,Thermda
236055,Abida
236056,Ebba
236057,El medina
236058,Sidi baraket nord
236059,Sidi baraket sud
236151,Es-sers nord
236152,Es-sers sud
236153,Cite ennour
236154,Bousliaa
236155,L orboss
236156,El marja
236157,El abar
236158,El abar est
236159,Elless
236251,Touiref
236252,Mallela
236253,Ledhieb
236254,Oueljet essedra
245151,Siliana ville
245152,Siliana nord
245153,El arab
245154,Jema
245155,Massouj
245156,El jouii
245157,Elkhalsa
245158,Ain ed-dissa
245251,Siliana sud
245252,Marj mokaddem
245253,Es-sefina
245254,Sidi morched
245255,Sidi mansour
245256,Sidi hmada
245257,Sejja
245258,Ouled zenag
245259,El kabel
245351,Banlieue de bouarada
245352,Bouarada
245353,Fatis
245354,Henchir er-roman
245355,Sidi abdennour
245356,Tarf ech-chena
245451,Gaafour est
245452,Gaafour ouest
245453,El khouat
245454,Ain zerig
245455,El ahouez nord
245456,El ahouez sud
245457,El aksab
245551,El krib nord
245552,El krib sud
245553,Dokhania
245554,Hammam biadha nord
245555,Hammam biadha sud
245556,Borj el messaoudi nord
245557,Borj el messaoudi sud
245651,Bourouis nord
245652,Bourouis sud
245653,Ettricha
245654,El abbassi
245655,Ain achour
245656,El krib gare
245751,Makthar nord
245752,Makthar sud
245753,Sayar
245754,El garaa
245755,Bez
245756,Beni hazem
245757,Ras el ouedi
245758,Saddine
245759,Chouarnia
245760,Sened el haddad
245761,Esswelem
245851,El hababsa nord
245852,El hababsa sud
245853,El jamilet
245854,Es-semiret nord
245855,Es-semirat sud
245856,El messahla
245857,Elharia
245858,Er-rouhia
245859,El hamima
245860,Bou -ajila
245951,Kesra
245952,El hammam
245953,El mansoura nord
245954,El mansoura sud
245955,Bou abdallah
245956,El karia nord
245957,El karia sud
245958,El foudhoul
245959,El louza
246051,Bargou
246052,Banlieue bargou
246053,Awled fraj
246054,Sidi said
246055,Ain fourna
246056,Ain bous saadia
246057,Ed-derija
246058,El behirin
246151,El aroussa
246152,Bou jlida
246153,Er remil
246154,Mousrata
246155,Sidi ayed
315151,Bou jaafer
315152,El medina
315153,Ali belhouan
315154,Mohamed maarouf
315155,Khezama
315254,Ezzouhour
315255,Cite er-riadh
315256,Hammem maarouf er-riadh
315351,Oued blibane
315352,Mohamed elkaroui
315353,Hedi chaker
315354,Bou hassina
315355,Mohamed elkaroui
315356,Sahloul jawhara
315451,Tayeb elmehiri
315452,Ibn khouldoun
315453,Ksibet ech-chatt
315454,Sidi abdelhamid
315551,El medina
315552,El kantaoui
315553,Bir moussa
315554,Sahloul
315555,El gharabi
315651,Akouda est
315652,Akouda ouest
315653,Chott meriam
315654,Chott er-romane
315655,El fokaia
315656,Ettantana
315751,El jarabaa
315752,Zearna ouest
315753,Zearna est
315754,Ouled mhamed
315755,Essed ouest
315756,Balaoum
315851,Sidi bou ali
315852,Essed sud
315853,Essed nord (essateh)
315854,Ech-chouicha
315855,Ouriemma
315856,Menzel el mahatta
315857,Mehadhba
315951,Hergla
315952,El aribet
315953,Essouieh
316051,Enfidha
316052,El frada
316053,Gerimet est
316054,Gerimet ouest
316055,Chegarnia
316056,Ouled abdellah
316057,Takrouna
316058,Menzel fateh
316059,El garci
316060,Ain medhaker
316061,Hicher
316062,Menzel dar belouar
316063,M'rabet hached
316151,Bouficha
316152,Oued el kharroub
316153,Sidi khalifa
316154,Essafha
316155,Sidi said
316156,Ain errahma
316157,El methalit
316158,Esselloum
316159,Sidi m'tir
316251,Kondar
316252,Bir el jedid
316253,Belalma
316254,Bechachma
316255,Ouled el abed
316256,Gmata
316257,Ouled ameur
316351,Sidi el heni centre
316352,Sidi el heni ouest
316353,Sidi el heni sud
316354,Ouled ali belhani
316355,Kroussia ouest
316356,Kroussia centrale
316451,Ettouara nord
316452,Touara el janoubia
316453,Jedidine
316454,Jebline
316455,Habib thameur
316456,Mouredine
316457,Mneaema
316458,El gharbine
316459,El kenaies
316460,El kebline
316461,Ennour
316462,El frady
316463,Borgine
316464,Beni rabiaa
316465,Beni khalthoum
316466,Nejajra
316467,Messadine
316551,Kalaa seghira est
316552,Kalaa seghira hached
316553,Kalaa seghira ville
316554,En-nagr
316555,Oued leya
316651,Zaouiet sousse
316652,Ksibet sousse
316653,Thrayet
325151,El medina
325152,El medina 2
325153,Bab el gharbi
325154,Er-rbat
325155,El helia
325156,El halia 2
325157,Skanes
325158,Khenis sud
325159,Khenis Nord
325251,Ouerdanine nord
325252,Ouerdanine Sud
325253,Menzel khir
325254,Sidi bou othman
325255,Oued el jebs
325351,Sahline est
325352,Sahline ouest
325353,Sidi ameur
325354,Mootmar
325355,Masjed aissa
325451,Mezaougha
325452,Menzel hayet
325453,Melichet
325454,Zeramdine nord
325455,Zeramdine sud
325551,Beni hassen sud
325552,Beni hassen nord
325553,Hatem
325554,El jnaiha
325555,Ghnada
325651,Jammel Sud
325652,Jammel Nord
325653,Jammel Est
325654,Jammel Ouest
325655,Zaouiet kontoch
325656,Bir taieb
325657,Menzel kamel
325658,El hdadra
325659,Et-teyaira
325751,Bembla
325752,Bembla ouest
325753,El manara
325754,Menzel en-nour
325755,El masdour
325756,Menzel harb
325851,Moknine est
325852,Moknine sud
325853,Moknine nord
325854,Ras_eloued
325855,Moknine ouest
325856,Kheredine
325857,Sidi bennour
325858,Menzel farsi
325859,Cherahil
325860,Amiret el fehoul
325861,Amiret el hojjaj
325862,Amiret touazra
325863,Amiret touazra sud
325951,Bekalta nord
325952,Bekalta Sud
325953,Baghdadi
325954,Bekalta est
326051,Houmet essouk
326052,El fadhline
326053,El aiaicha
326054,Sokrine
326055,Bou-driss
326151,Ayed
326152,Soua
326153,Bouzouita
326154,Cite erriadh
326251,Ksibet el mediouni
326252,Touza
326253,Benen sud
326254,Benen nord
326255,Bodher
326351,Sayada est
326352,Sayada ouest
326353,Lamta
326354,Bou-hjar
335151,Mahdia
335152,Zouila
335153,Zouila sud
335156,Chiba
335157,Es-saad
335158,Jaouaouda
335159,Ez-zahra
335160,Zegana
335161,Hiboun
335162,Er-remal
335163,El hekaima est
335164,Hekaima ouest
335251,Bou merdes
335252,El houes
335253,Kerker
335254,Zerata
335255,Er-rouadhi
335256,Ech-chouariaa
335257,Bouhlale el ali sud
335258,Bouhlale el ali nord
335259,Menzel hamza
335351,Ouled chamekh sud
335352,Ouled chamekh nord
335353,Ouled amor
335354,Chehimet nord
335355,El ajilet
335356,Es-somra
335357,Bou slim
335358,Meharza nord
335451,Chorbane
335452,El maati
335453,Ech-chahda sud
335454,Ech-chahda est
335455,El gouacem ouest
335456,El gouacem est
335457,Ech- charaf
335458,El gradha ouest
335459,El gradha est
335460,Ouled el hannachi
335551,Hebira
335552,Menzel hached
335553,Regaigua
335554,Ech-chahda ouest
335555,El maherza sud
335651,Essouassi
335652,Ouled-amor-es-saida
335653,Sidi naceur
335654,Sidi zid
335655,Sidi bou helal
335656,Cherichira
335657,El kesasba
335658,Ez-zairat
335659,Ouled moulahem nord
335660,Ouled moulahem ouest
335661,Ech-chahimet sud
335751,Es-zaouia
335752,El mourabitine
335753,Riadh bou helal
335754,El aitha
335755,El mechalet
335756,Zeghabna
335757,Touahra
335758,El ababsa
335759,Talalsa
335760,El achaba
335851,Chebba nord
335852,Chebba sud
335853,Es-saafet
335854,Ghedabna
335951,Melloulech
335952,El aitha
335953,El mansoura
335954,Ben hssine
335955,Sidi abdellaziz
336051,Sidi alouane ouest
336052,Sidi alouane est
336053,Zorda
336054,Sakiet el khadem
336055,El bassatine
336056,Oued beja nord
336057,Oued beja sud
336058,Zalba est
336059,Zalba ouest
336060,En-nozha
336061,Oued guellat
336062,Es- saada
336151,El ksar
336152,Ksour essaf riadh
336153,El ktanine
336154,Ksour essaf ettakaddoum
336155,Salakta
336157,Ouled salah
336158,Sidi assaker ouest
336251,Rejiche
336252,Rejiche sud
336351,El bradaa nord
336352,El bradaa sud
336353,El hessinet
336354,Recharcha
345151,La medina
345152,Bab el bhar
345153,Cite el khiari
345154,El bassatine
345155,Er-rbadh
345156,15 novembre
345157,Ain chaikh rouhou
345158,Cite ettaouidhi
345159,Merkez kaddour
345160,Merkez el pacha
345161,Sidi abbes
345162,Mohamed ali
345251,Merkez chaker
345252,Cite el habib
345253,Soukra
345254,El alia
345255,Oued er-rmel
345256,El houda
345257,Cite el bahri
345351,Sakiet ezzit
345352,Merkez bouassida
345353,Es-sedra
345354,Chihia
345355,Teniour
345356,Sidi salah
345357,El ons
345451,Sakiet eddaier
345452,Khiria
345453,Merkez es-sebai
345454,Bedarna
345455,Sidi mansour
345456,Cite bourguiba
345457,Saltnia
345458,Merkez kaaniche
345551,El ain
345552,Gremda
345553,Bouzaiane
345554,El afrane nord
345555,Khazanet
345556,El aouabed
345557,Ayoun el mayel
345651,Tina
345652,Sidi abid
345653,El hajeb
345751,Agareb
345752,Gargour
345753,Bouledhieb
345754,El mahrouka
345755,Ettorba
345756,Ben sahloun
345757,Zeliana
345758,Es-soghar
345851,Djebeniana
345852,Batria
345853,Baltech
345854,Hazeg
345855,El kalelja
345856,El Ajenga
345857,El louza
345858,El houdh
345951,El amra
345952,Beliana
345953,El mesatria
345954,Es salam
345955,Dherra beni ziad
345956,Bou derbala
346051,El hencha
346052,En-nasr
346053,Sidi hassen belhaj
346054,Dokhane
346055,Bir chaaba
346056,Merkez mosbah
346057,Bir salah
346058,El hajjara
346059,Aljwawada
346151,Menzel chaker
346152,Bou jarboue
346153,Majel edarj
346154,Bir mellouli
346155,Bechka
346156,Bou-thadi
346157,El bokaa el bidha
346158,El aouadhna
346159,Telil el ajla
346160,El achech
346161,El hadj kacem
346162,Chaleb
346251,El ghraiba
346252,El manar
346253,El hchichina sud
346254,Hchichina nord
346255,El chaal
346351,Bir ali ben khelifa
346352,En-nadhour
346353,Sidi ali belabed
346354,Bou slim
346355,El abraj
346356,Sdiret sud
346357,Sdiret nord
346358,El gandoul
346359,Oued ech-cheikh
346360,Ouadrane sud
346361,Ouadrane nord
346362,En-nadhour
346451,Sbih
346452,El khadhra
346453,Naoual
346454,Skhira
346455,El kenitra
346456,Sidi Mhammed
346457, El Hamada
346551,Mahres
346552,Mahres sud
346553,Chaffar
346554,Sidi ghrib
346555,Aithet chelaia
346556,Es-smara
346651,El ataya
346652,El ramla
346653,Sidi frej
346654,Melita
346655,El kalabine
346656,En-najet
346657,El chargui
346658,El kantra
346659,El kraten
346660,Ouled kacem
415151,Al ansar
415152,El jemaa nord
415153,El jemaa sud
415154,Kebilia nord
415155,Jeblia nord
415156,Jeblia sud
415157,El menchia
415158,Al aghalba
415159,Elbaten
415160,Dheraa ettammar
415161,El metbasta
415162,El ghabet
415251,Elmansoura nord
415252,Elmansoura sud
415253,Keblia sud
415254,Marguelil
415255,Rakada
415256,Zroud
415257,Ettaben
415258,Ouled nhar
415259,Khazazia
415260,El makhsouma
415261,El nebech
415262,Zaafrana
415263,El khadra
415264,El hammam
415265,Brikat el argoub
415351,Echbika
415352,Jouaouda
415353,El aouamria
415354,Errouissat
415355,Abida
415356,Sidi ali ben salem
415357,Hammed
415358,El karma
415451,Sbikha centre
415452,Ain bou morra
415453,El friouet
415454,Sidi messaoud
415455,Ed-dekhila
415456,Ed-dheriaat
415457,El Gfay
415458,El alam
415459,El Gtifa
415460,El aouitha
415461,Sisseb
415462,Echorfa
415463,Chogafia
415464,Serdiania
415465,Oued el khraouia
415551,Maarouf
415552,El Oueslatia Est
415553,El Oueslatia Ouest
415554,El menzel
415555,Djebel essarj
415556,Zaghdoud
415558,Djebel erreihane
415560,Oued el ksab
415561,El behair
415651,Hafouz centre
415652,Khit el oued
415653,Oued el jabbes
415654,El ain el beidha
415655,El houfia
415656,Cherichira
415657,Traza sud
415658,Ouled khalfallah
415751,El alaa
415752,El messaid
415753,El guettar
415754,Messiouta el hanachir
415755,Messiouta ennaguaz
415756,Sayada nord
415757,Sayada sud
415758,Ouled amor
415759,Traza Nord
415851,El hajeb centre
415852,Ahouaz el hajeb
415853,Chaouachi
415854,Esserja
415855,El kantra
415856,El hadaya
415857,El ghouiba
415858,Oued el hajel
415859,Errehima
415951,Nasrallah centre
415952,Nasrallah banlieue
415956,El manara
415957,El kabbara
415958,El briket
416051,Echrarda
416052,Bir el helou
416053,Ouled farjallah sud
416054,Cheraitia sud
416055,El ksour
416151,Bouhajla centre
416152,Bouhajla el ahouez
416153,Jehina sud
416154,Jehina nord
416155,El ketitir
416156,Ouled achour
416157,El fatah
416158,Ouled fardjallah nord
416159,Ennasr
416160,Bir msikine
416161,El mouisset
416162,Bir bousari
416163,Cheraitia nord
416164,Chouamekh
416251,Ain djeloula
416252,Djebel Oueslat
416351,El hmidet
416352,El fejij
416353,Ettouila
425151,Ennour est
425152,Ennour ouest
425153,El bassatine
425154,El khadhra
425155,El arich
425156,Boulaaba
425251,El aouija
425252,Boulhijet
425253,Meghdoudech
425254,Bouzguam
425255,Eddoghra
425256,Sidi harreth
425351,Ezzouhour est(1)
425352,Ezzouhour est (2)
425353,Ezzouhour ouest (1)
425354,Ezzouhour ouest (2)
425355,Ezzouhour ouest (3)
425356,Ezzouhour ouest (4)
425451,Hassi el ferid
425452,El hechim
425453,Khanguet jezia
425454,Essalloum
425455,El kamour
425551,Sbeitla
425552,Cite essourour
425553,Semmama
425554,Errakhmet
425555,El gounna
425556,Eddouleb
425557,Ech-charaya
425558,Machrek ech-chams
425559,Ouassaia
425560,El khadhra
425561,El athar
425562,El mezara
425563,El garaa el hamra
425564,El ksar
425651,Sbiba
425652,El ahouaz
425653,Oued el hatab
425654,Brahim ezzahhar
425655,Ain zaienne
425656,Etthamed
425657,Ain el khemaissia
425751,Djedliane
425752,Fej terbah
425753,Ain el hamadna
425754,Mehrza
425755,Ain oum el jedour
425851,El ayoun
425852,El grine
425853,El brek
425854,El baouajer
425855,Tiwicha
425856,Ain esselsela
425951,Thala est
425952,Thala ouest
425953,Eddachra
425954,Ain aj-jadeida
425955,Barmajna
425956,Oued errachech
425957,El joua
425958,El hamed
425959,Zelfane
425960,Boulahnech
425961,Sidi m'hammed
425962,Ouljet edhel
425963,Ech-chaffai
426051,Hidra
426052,T'baga
426053,El mekimen
426054,Lajrad
426055,Es-sray
426056,Ain eddefla
426151,Foussana
426152,Foussana lahouaz
426153,Khmouda nord
426154,Khmouda sud
426155,Ouled mahfoudh
426156,Afrane
426157,El meziraa
426158,El aadhira
426159,El hazza
426160,El brika
426161,Bouderiass
426162,Ain el jinene
426163,Er-rtibet
426251,Feriana
426252,El erg
426253,El ahouach
426254,Es-skhirat
426255,El araar
426256,Hanachi
426257,Garet en-naam
426258,Bouchebka
426259,Om ali
426260,Bouhaya
426261,Telept
426262,Abdeladhim
426351,Majel bel abbes nord
426352,Majel bel abbes sud
426353,Oum laksab
426354,Ennadhour
426355,Henchir oum el khir
426356,Soula
426357,Groua el jedra
435151,Sidi bouzid ouest
435152,Ennour
435153,Sidi salem
435156,Sadakia
435157,Oum el adham (1)
435158,Oum el adham (2)
435159,Ettouila
435160,Ennasr
435161,Sidi bouzid sud
435162,Sidi bouzid ouest
435251,El ahouaz
435252,Bennour
435253,Faiedh
435254,El assouad
435255,El amra
435256,El makarem
435257,El makarem est
435258,El okla
435259,Ain rebaou
435260,El henia abazid
435261,Garet hadid
435351,Jilma est
435352,Jilma ouest
435353,Lazirek
435354,Selta
435355,Zoghmar
435356,Ghedir ezzitoun
435357,Baten elghezel sud
435358,Baten elghezel nord
435359,El adhla
435360,El hamima
435361,El abaiedh
435451,Cebalet
435452,El amra
435453,Essed
435454,Meghila
435455,El ayoun
435551,Bir elhfay
435552,Mhamdia
435553,El ksar
435554,Bir amama
435555,El mezara
435556,Essalama
435557,Ourgha
435558,Rahal
435559,Bir bousbiaa
435651,Sidi ali ben aun
435652,Errabta
435653,Essahla
435654,El ouaara
435655,Ouled brahim
435656,El mansoura est
435657,El mansoura ouest
435751,Menzel bouzaiane
435752,En-nouamer
435753,Kallel
435754,El khorchef
435755,El kharrouba
435756,El omria
435757,El omrane
435851,El jebbes
435852,Gheris ouest
435853,Mech
435854,Meknassy ouest
435855,Meknassy ouest
435856,Meknassy nord
435857,Ezzouaraa
435858,El mabrouka
435859,Ennasr
435951,Souk jedid
435952,Ghiriouis
435953,Ksaira
435954,Sekdal
435955,Erremelia
435956,Ezzafzaf
435957,Bir badr
435958,Ouled el faleh
436051,Mezzouna
436052,El founi
436053,Bou hedma
436054,El gheris est
436055,Khobna
436056,Eddaouara
436057,El khaoui
436058,El besbes
436059,Essed
436151,Regueb
436154,Ksar el hammam est
436155,Gouleb
436156,Erradhaa
436157,Erradhaa est
436158,Boudinar
436159,Ksar el hammam ouest
436160,Gobrar
436161,Rihana
436162,Essekba
436166,Ferch gharib
436167,Ouled ayouni
436251,Ouled haffouz
436252,Dheouibet sud
436253,Sidi khelif
436254,El henia
436255,Kassouda
436256,El mebarkia
436257,Ech-cheouachia
436258,Sidi ellafi
436259,Dheouibet nord
436351,Essaida nord
436352,Essaida sud
436353,Essaida est
436354,Khechem est
436355,Khechem ouest
436451,El hichria
436452,El friou
436453,Ezzitouna
515151,Secteur (1)
515152,Secteur (2)
515153,Secteur (3)
515154,Secteur (4)
515155,Chott sidi abdesselam
515251,Er-remathi
515252,Bou-chemma
515253,Nahal
515254,Jaouaoula
515255,Chenini nord
515256,Chenini est
515257,Chenini ouest
515351,Teboulbou
515352,Sidi boulbaba
515353,Zrig eddakhlania
515354,Secteur (5)
515355,El medou
515356,Limaoua
515357,El amazir
515451,Ghanouch est
515452,Ghanouch ouest
515453,Ghanouche sud
515454,Ghanouche nord
515551,El metouia nord
515552,El metouia sud
515555,El akarit
515651,Oued ezzitoun
515652,El fejij
515653,El mehemla
515654,Es-saki
515655,Rabiaa ouali
515656,Zoughrata
515657,Menzel el habib
515751,Secteur nord
515752,El ksar
515753,Secteur est (1)
515754,Secteur est (2)
515755,Secteur sud
515756,Farhat hached
515757,Chanchou
515763,Secteur ouest
515851,Matmata
515852,Techine
515853,Tamazrat
515951,Nouvelle matmata
515952,Heddaj
515953,Ez-zeraoua
515954,Beni aissa
515955,Beni zalten
516051,Mareth
516052,Mareth nord
516053,Sidi touati
516054,Zerkine
516055,Ayoun ez-zerkine
516056,Ourafinine
516057,Ezzarat
516058,El alaya
516059,Arram
516060,Ketana
516063,Zerig el ghandri
516151,Toujane
516152,Zemarten
516153,Ain tounine
516154,Dekhilet toujane
516251,Ouedhref nord
516252,Ouedhref sud
516253,El hicha
516254,El mida
516351,El behaier
516352,Bechima el borj
516353,Bechima el kalb
516354,Bou attouch
516355,Habib thameur
525151,Beni ghezail
525152,2 mai
525153,Mednine ouest
525154,20 mars
525155,Mednine nord
525156,Oum ettameur ouest
525157,Oum ettameur est
525158,Koutine
525251,Mednine sud
525252,Mednine est
525253,El labba
525254,Hessi amor
525255,Oued esseder
525256,Hessi mednine
525257,Darghoulia
525258,Souitir
525259,Nouvelle amra
525260,Bou-ghrara
525351,Beni-khedech
525352,Rahala
525353,Eddekhila
525354,Ouarjijene
525355,Oued el khil
525356,Zghaya
525357,El benaina
525358,El fejij
525359,El menzela
525360,Zammour
525361,El hamaima
525362,El behira
525363,Ksar el jedid
525451,Ben guerdane nord
525452,Ben guerdane sud
525453,Essayah
525454,Jmilla
525455,El maamerat
525456,El amria
525457,Ettabai
525458,Ourasnia
525459,Jallel
525460,Neffatia
525461,Chahbania
525462,Chareb errajel
525551,Zarzis
525552,2 mars
525553,Tahar sfar
525554,Ejdaria
525555,El bassatine
525556,Essouihel
525557,Oued ettieb
525558,Hassi el jerbi
525559,Khaoui el ghedir
525560,Hamadi
525561,Hichem e l hamadi
525562,El ghorabet
525563,El grebis
525564,Hamadi boutoufaha
525565,El ogla
525566,Chammakh
525651,Taourit
525652,Bou melel
525653,El jouamaa
525654,Fatou
525655,Mazraia
525656,Sedghaiane
525657,Oualeg
525658,Essouani
525659,Erriadh
525660,El hachene
525661,Mellita
525751,Midoun
525752,Arkou
525753,El mahboubine
525754,Beni maaguel
525755,Sedouikech
525756,Elmay
525757,Robbana
525851,Ajim
525852,El khenensa
525853,Mezrene
525854,Guellala
525855,Oued ezzebib
525856,El groa
525951,Sidi makhlouf
525952,El grine
525953,El maghzaouia
525954,El jourf
525955,Bedoui
525956,Amra
525957,Er ragouba est
525958,Er ragouba ouest
525959,El ghabai
525960,El gosba
525961,Darjaoua
535151,En-nozha
535152,Ettadhamen
535153,En-nasr
535154,Oued el gemah
535155,Berourmet
535156,Telelt
535157,Oued el ghar
535158,El maouna
535159,Ezzahra
535160,Gattoufa
535161,Khetma
535162,Essaada
535163,El galaa est
535164,El galaa ouest
535165,Beni_blel
535251,Tataouine ville
535252,Tataouine superieure
535253,El maztouria sud
535254,El maztouria nord
535255,Gharghar
535256,Cite el barr
535257,Ksar el moukabala
535258,Nouvelle chnini
535259,Chenini
535260,Eddouiret
535261,El mesreb
535262,Erroghba
535263,Ras el ouedi
535264,Bir thalathine
535265,Beni barka - tounket
535351,Kerchaou
535352,Smar
535353,El ghariani
535451,Bir lahmar est
535452,Bir lahmar ouest
535453,Sened
535454,El argoub
535455,Grager
535456,El medina
535457,El bassatine
535551,Ghomrassen
535552,El ouaha
535553,Ezzouhour
535554,El ghordhab
535555,El ferch
535556,Guermassa
535557,Ksar el haddada
535558,Nouvelle medina
535559,Ksar el mourabitine
535560,Oued el khil
535651,Dhehbia est
535652,Dhehbia ouest
535751,Remada est
535752,Remada ouest
535753,Nekrif
535754,Kenbout
535755,Bir amir
535757,Meghani
535851,Errahech
535852,El morra
535853,Ksar aoun
535854,Ksar mehira
535855,Beni mehira est
615151,Guetis
615152,Er-rahiba
615153,Er-rahiba sud
615154,Ksour el akhoua
615155,El mouthides
615156,Fej
615157,Menzel mimoun
615251,Sidi aich
615252,Sidi aich est
615253,El amaima
615254,Menzel gamoudi
615255,El karia
615256,Es-souinia
615351,El ksar
615352,El ksar est
615353,Lala
615354,Cite hached
615355,Amra
615356,El matar
615451,Gafsa ville
615452,Gafsa est
615453,Cite essourour
615454,El assala
615455,Sidi ahmed zarrouk
615456,Oued ailou
615457,El moula
615458,Cite ennour
615459,Cite ech-chabab
615460,El aguila
615461,Kef derbi
615462,En-nadhour
615553,Oum el araies centre
615554,Oum el araies gare
615555,Ech-channoufia
615556,Es-souitir
615557,Daouara
615651,Redeyef centre
615652,Redeyef nord
615653,Redeyef sud
615654,Redeyef gare
615655,Tabdit
615751,Metlaoui centre
615752,Metlaoui gare
615753,El mziraa
615754,Krichet naam
615755,Cite el amel ouest
615756,Cite el amel est
615757,Thalja
615758,Oued el orta
615759,El magroun
615760,Segui sud
615851,Mdhila centre
615852,Cite des travailleurs
615853,Sahib
615854,El segui
615951,El guetar ouest
615952,El ortos
615953,El guetar est
615954,El ongue
615955,Es-saket
615956,Bir saad
616051,El ayaicha
616052,Belkhir
616053,Et-talh est
616054,Et-talh ouest
616055,Jbilet ouest
616056,Ouled el hadj
616151,Sned
616152,Sned-nord
616156,Majoura
616157,Alim
616251,Sidi boubaker
616252,Oum el aksab
616351,Zanouch
616352,El jedida
616353,Abdessadek
625151,Masghouna
625152,Ez-zebda
625153,El habaila
625154,El haouadef
625155,El keitna
625156,Ras draa-helba
625157,El ezdihar
625158,Cite l'aeroport
625159,Ech-chabia
625160,El-hadher
625251,Degach nord
625252,Degach sud
625253,Sebaa abar
625254,El mahassen
625255,Bou helal
625258,Dghoumes
625351,Tameghza
625352,Chebika
625353,Midas
625354,Ain el karma
625355,Soundes foum el khangua
625356,Er-remitha
625451,Chafai ech-cherif
625452,1er juin
625453,El ouaha
625454,Es-seni
625455,El ayoun
625456,Ettahir
625457,El-assil
625458,El khadar ben houssine
625551,Hazoua
625552,Hattem
625651,El hamma
625652,Chakmou
625653,En-namlat
635151,Kebili sud
635152,Bazma
635153,Jemna nord
635154,Jemna sud
635155,Bechelli
635156,Jersine
635157,El blidete
635158,Beni mehemed
635159,Janoura
635251,Kebeli nord
635252,El mansoura
635253,Errabta
635254,Tonbar
635255,Limagues_estiftimia
635256,Telmine
635257,Tenbib
635258,Saidane
635259,Gataya
635260,Kebeli est
635351,El menchia
635352,Bou abdellah
635353,Oum essoumaa
635354,Ezzaouaia
635355,Bechri
635356,Fatnassa
635357,Negga
635451,Douz est
635452,El golaa
635453,Ouina nord
635454,El aouina sud
635455,El abadla
635551,Douz ouest
635552,El adhara
635553,Ghlicia
635554,Nouil nord
635555,Nouil sud
635651,Sabria ouest
635652,Sabria est
635653,Gharib
635654,Gueidma
635657,Bichni - edarjin
635751,‫‪Rejim‬‬ ‫‪Maatoug‬‬
635752,El matrouha
